"0","library(recount3)"
"2","Cargando paquete requerido: SummarizedExperiment
"
"2","Cargando paquete requerido: MatrixGenerics
"
"2","Cargando paquete requerido: matrixStats
"
"2","Aviso:"
"2"," package ‘matrixStats’ was built under R version 4.4.2
"
"2","
Adjuntando el paquete: ‘MatrixGenerics’

"
"2","The following objects are masked from ‘package:matrixStats’:

    colAlls, colAnyNAs, colAnys, colAvgsPerRowSet, colCollapse, colCounts, colCummaxs, colCummins, colCumprods, colCumsums,
    colDiffs, colIQRDiffs, colIQRs, colLogSumExps, colMadDiffs, colMads, colMaxs, colMeans2, colMedians, colMins,
    colOrderStats, colProds, colQuantiles, colRanges, colRanks, colSdDiffs, colSds, colSums2, colTabulates, colVarDiffs,
    colVars, colWeightedMads, colWeightedMeans, colWeightedMedians, colWeightedSds, colWeightedVars, rowAlls, rowAnyNAs,
    rowAnys, rowAvgsPerColSet, rowCollapse, rowCounts, rowCummaxs, rowCummins, rowCumprods, rowCumsums, rowDiffs,
    rowIQRDiffs, rowIQRs, rowLogSumExps, rowMadDiffs, rowMads, rowMaxs, rowMeans2, rowMedians, rowMins, rowOrderStats,
    rowProds, rowQuantiles, rowRanges, rowRanks, rowSdDiffs, rowSds, rowSums2, rowTabulates, rowVarDiffs, rowVars,
    rowWeightedMads, rowWeightedMeans, rowWeightedMedians, rowWeightedSds, rowWeightedVars

"
"2","Cargando paquete requerido: GenomicRanges
"
"2","Cargando paquete requerido: stats4
"
"2","Cargando paquete requerido: BiocGenerics
"
"2","
Adjuntando el paquete: ‘BiocGenerics’

"
"2","The following objects are masked from ‘package:stats’:

    IQR, mad, sd, var, xtabs

"
"2","The following objects are masked from ‘package:base’:

    anyDuplicated, aperm, append, as.data.frame, basename, cbind, colnames, dirname, do.call, duplicated, eval, evalq,
    Filter, Find, get, grep, grepl, intersect, is.unsorted, lapply, Map, mapply, match, mget, order, paste, pmax, pmax.int,
    pmin, pmin.int, Position, rank, rbind, Reduce, rownames, sapply, setdiff, table, tapply, union, unique, unsplit,
    which.max, which.min

"
"2","Cargando paquete requerido: S4Vectors
"
"2","
Adjuntando el paquete: ‘S4Vectors’

"
"2","The following object is masked from ‘package:utils’:

    findMatches

"
"2","The following objects are masked from ‘package:base’:

    expand.grid, I, unname

"
"2","Cargando paquete requerido: IRanges
"
"2","
Adjuntando el paquete: ‘IRanges’

"
"2","The following object is masked from ‘package:grDevices’:

    windows

"
"2","Cargando paquete requerido: GenomeInfoDb
"
"2","Cargando paquete requerido: Biobase
"
"2","Welcome to Bioconductor

    Vignettes contain introductory material; view with 'browseVignettes()'. To cite Bioconductor, see 'citation(""Biobase"")',
    and for packages 'citation(""pkgname"")'.

"
"2","
Adjuntando el paquete: ‘Biobase’

"
"2","The following object is masked from ‘package:MatrixGenerics’:

    rowMedians

"
"2","The following objects are masked from ‘package:matrixStats’:

    anyMissing, rowMedians

"
"2","Registered S3 methods overwritten by 'dbplyr':
  method         from
  print.tbl_lazy     
  print.tbl_sql      
"
"2","Registered S3 method overwritten by 'data.table':
  method           from
  print.data.table     
"
